team,id,name,position,jersey,defense_tackles,defense_assists,defense_combined,defense_sacks,defense_sack_yards,defense_interceptions,defense_passes_defended,defense_forced_fumbles,defense_fumble_recoveries,defense_qb_hits,defense_tloss,defense_tloss_yards,defense_safeties,defense_sp_tackles,defense_sp_assists,defense_sp_forced_fumbles,defense_sp_fumble_recoveries,defense_sp_blocks,defense_misc_tackles,defense_misc_assists,defense_misc_forced_fumbles,defense_misc_fumble_recoveries,rushing_avg_yards,rushing_attempts,rushing_touchdowns,rushing_yards,rushing_longest,rushing_longest_touchdown,rushing_redzone_attempts,rushing_tlost,rushing_tlost_yards,rushing_first_downs,passing_attempts,passing_completions,passing_cmp_pct,passing_yards,passing_avg_yards,passing_sacks,passing_sack_yards,passing_touchdowns,passing_longest,passing_interceptions,passing_rating,passing_longest_touchdown,passing_air_yards,passing_redzone_attempts,passing_gross_yards,passing_first_downs,passing_int_touchdowns,receiving_receptions,receiving_targets,receiving_yards,receiving_avg_yards,receiving_longest,receiving_touchdowns,receiving_longest_touchdown,receiving_yards_after_catch,receiving_redzone_targets,receiving_air_yards,receiving_first_downs
Ole Miss,006b3cbb-4994-4b69-9795-6a729ee01e83,Demarcus Smith,DT,,,,,,,,,,,,,,,,,,,,,,,,,,,,,,,,,,,,,,,,,,,,,,,,,,,,,,,,,,,,,
Ole Miss,0070ca76-55ed-4725-9271-769e092d5d9f,Ashanti Cistrunk,LB,,24.0,37.0,61.0,1.0,11.0,0.0,0.0,1.0,0.0,1.0,2.0,14.0,0.0,2.0,1.0,0.0,0.0,0.0,0.0,0.0,0.0,0.0,,,,,,,,,,,,,,,,,,,,,,,,,,,,,,,,,,,,,,
Ole Miss,01a26d90-863a-11ec-ac3f-2f01cb0af5e4,Kyirin Heath,TE,85,,,,,,,,,,,,,,,,,,,,,,,,,,,,,,,,,,,,,,,,,,,,,,,,,,,,,,,,,,,,
Ole Miss,01c676f4-c6b8-4e5f-9571-44e4bb478c8e,Jonathan Hess,TE,80,,,,,,,,,,,,,,,,,,,,,,,,,,,,,,,,,,,,,,,,,,,,,,,,,,,,,,,,,,,,
Ole Miss,01cfe5f0-5f94-4001-bc53-f101425ef70f,Isheem Young,SAF,,26.0,28.0,54.0,0.5,6.0,1.0,2.0,0.0,1.0,1.0,0.0,1.0,0.0,1.0,1.0,0.0,0.0,0.0,0.0,0.0,0.0,0.0,,,,,,,,,,,,,,,,,,,,,,,,,,,,,,,,,,,,,,
Ole Miss,039b5777-1e07-45c7-9705-89668d859fb2,Amani Johnson,DT,45,0.0,1.0,1.0,0.0,0.0,0.0,0.0,0.0,0.0,0.0,0.0,0.0,0.0,0.0,0.0,0.0,0.0,0.0,0.0,0.0,0.0,0.0,,,,,,,,,,,,,,,,,,,,,,,,,,,,,,,,,,,,,,
Ole Miss,092d193d-8f4c-41c5-9e14-1475427dd64b,Jaxson Dart,QB,,,,,,,,,,,,,,,,,,,,,,,,4.797,128.0,1.0,614.0,36.0,9.0,15.0,13.0,-34.0,35.0,362.0,226.0,62.431,2974.0,8.215,14.0,89.0,20.0,72.0,11.0,143.6,72.0,0.0,61.0,2974.0,122.0,0.0,,,,,,,,,,,
Ole Miss,09f28247-acf3-4652-a775-1804fa4989a0,Brandon Buckhaulter,WR,9,0.0,0.0,0.0,0.0,0.0,0.0,0.0,0.0,0.0,0.0,0.0,0.0,0.0,1.0,1.0,0.0,0.0,0.0,0.0,0.0,0.0,0.0,,,,,,,,,,,,,,,,,,,,,,,,,,,,,,,,,,,,,,
Ole Miss,0a447c03-d71e-4076-90f6-dbce00b50a33,Jared Ivey,DE,,15.0,17.0,32.0,3.5,25.5,0.0,0.0,1.0,2.0,4.0,2.0,12.0,0.0,0.0,0.0,0.0,0.0,0.0,0.0,0.0,0.0,0.0,,,,,,,,,,,,,,,,,,,,,,,,,,,,,,,,,,,,,,
Ole Miss,0cc63743-d33a-4d1c-bc60-6bb87ae6223a,Tysheem Johnson,DB,0,35.0,22.0,57.0,0.0,0.0,0.0,0.0,0.0,0.0,0.0,4.0,9.0,0.0,2.0,0.0,0.0,0.0,0.0,0.0,0.0,0.0,0.0,,,,,,,,,,,,,,,,,,,,,,,,,,,,,,,,,,,,,,
Ole Miss,0dc19510-0772-11ed-9d37-15b02999c0f4,Mac Owen,WR,84,,,,,,,,,,,,,,,,,,,,,,,,,,,,,,,,,,,,,,,,,,,,,,,,,,,,,,,,,,,,
Ole Miss,0ea6647d-dd98-44c6-a576-70b543fdd143,Jeremy James,OL,78,,,,,,,,,,,,,,,,,,,,,,,,,,,,,,,,,,,,,,,,,,,,,,,,,,,,,,,,,,,,
Ole Miss,0ff5a490-8638-11ec-ac3f-2f01cb0af5e4,Flip Carswell,OL,0,,,,,,,,,,,,,,,,,,,,,,,,,,,,,,,,,,,,,,,,,,,,,,,,,,,,,,,,,,,,
Ole Miss,103337c8-81eb-4909-93e7-d21c82279bcf,Carter Short,LS,93,,,,,,,,,,,,,,,,,,,,,,,,,,,,,,,,,,,,,,,,,,,,,,,,,,,,,,,,,,,,
Ole Miss,11914392-9a50-472c-b945-62b8e6642195,Eli Acker,OL,73,,,,,,,,,,,,,,,,,,,,,,,,,,,,,,,,,,,,,,,,,,,,,,,,,,,,,,,,,,,,
Ole Miss,1230f57e-e4db-4c97-8c1d-60b75d74376d,Jared Lawrence,LS,,,,,,,,,,,,,,,,,,,,,,,,,,,,,,,,,,,,,,,,,,,,,,,,,,,,,,,,,,,,,
Ole Miss,12b00c32-2d1c-4aa3-acdc-539f995f66f7,Joshua Pfeifer,WR,85,,,,,,,,,,,,,,,,,,,,,,,,,,,,,,,,,,,,,,,,,,,,,,,,,,,,,,,,,,,,
Ole Miss,12cf8ee3-0da8-4405-8c54-b1894ec5e9d4,Sellers Shy,WR,15,,,,,,,,,,,,,,,,,,,,,,,,,,,,,,,,,,,,,,,,,,,,,,,,,,,,,,,,,,,,
Ole Miss,154f1349-7328-4e59-88f4-96e538949dfa,Dannis Jackson,WR,13,,,,,,,,,,,,,,,,,,,,,,,,,,,,,,,,,,,,,,,,,,,,,,,,,,,,,,,,,,,,
Ole Miss,1738d721-2ec7-4a17-9200-618f3d546efa,Bobo Miller,RB,37,0.0,0.0,0.0,0.0,0.0,0.0,0.0,0.0,0.0,0.0,0.0,0.0,0.0,0.0,0.0,0.0,0.0,1.0,0.0,0.0,0.0,0.0,11.0,1.0,0.0,11.0,11.0,0.0,0.0,0.0,0.0,1.0,,,,,,,,,,,,,,,,,,,,,,,,,,,,
Ole Miss,179a44ce-5b5f-4f07-94c4-9a83cf7e8294,Isaiah Iton,DL,,2.0,6.0,8.0,0.5,2.0,0.0,0.0,0.0,0.0,1.0,0.0,1.0,0.0,0.0,0.0,0.0,0.0,0.0,0.0,0.0,0.0,0.0,,,,,,,,,,,,,,,,,,,,,,,,,,,,,,,,,,,,,,
Ole Miss,19df6d1c-c2f5-4604-8a29-71ce0225934a,Tywone Malone Jr.,DT,95,5.0,5.0,10.0,1.0,2.0,0.0,1.0,0.0,0.0,1.0,1.0,2.0,0.0,0.0,0.0,0.0,0.0,0.0,0.0,0.0,0.0,0.0,,,,,,,,,,,,,,,,,,,,,,,,,,,,,,,,,,,,,,
Ole Miss,1a14ee80-8639-11ec-ac3f-2f01cb0af5e4,Cam East,OL,77,,,,,,,,,,,,,,,,,,,,,,,,,,,,,,,,,,,,,,,,,,,,,,,,,,,,,,,,,,,,
Ole Miss,1ddf2b00-863b-11ec-ac3f-2f01cb0af5e4,Larry Simmons,WR,9,,,,,,,,,,,,,,,,,,,,,,,,,,,,,,,,,,,,,,,,,,,,,,,,,,,,,,,,,,,,
Ole Miss,23815210-0771-11ed-8445-5760fa4a0c23,Braden Waterman,QB,16,,,,,,,,,,,,,,,,,,,,,,,,,,,,,,,,,,,,,,,,,,,,,,,,,,,,,,,,,,,,
Ole Miss,28323a80-0772-11ed-9d37-15b02999c0f4,Carter Patton,CB,39,,,,,,,,,,,,,,,,,,,,,,,,,,,,,,,,,,,,,,,,,,,,,,,,,,,,,,,,,,,,
Ole Miss,287dc7b0-daaa-11ec-b6ef-57dac54685d5,Drew Burnett,WR,23,,,,,,,,,,,,,,,,,,,,,,,,,,,,,,,,,,,,,,,,,,,,,,,,,,,,,,,,,,,,
Ole Miss,2bc35366-b772-4cde-88ad-1d5a5c80960a,Richard O'Bryant,CB,17,,,,,,,,,,,,,,,,,,,,,,,,,,,,,,,,,,,,,,,,,,,,,,,,,,,,,,,,,,,,
Ole Miss,2f463d55-5ac5-4118-97f3-cb5d2a155eb9,Derek Bermudez,SAF,0,,,,,,,,,,,,,,,,,,,,,,,,,,,,,,,,,,,,,,,,,,,,,,,,,,,,,,,,,,,,
Ole Miss,30033adb-0b5a-484d-8796-71711f107547,Jaylon Robinson,WR,,,,,,,,,,,,,,,,,,,,,,,,6.75,4.0,0.0,27.0,8.0,0.0,1.0,0.0,0.0,0.0,,,,,,,,,,,,,,,,,,5.0,9.0,29.0,5.8,16.0,0.0,0.0,29.0,0.0,0.0,2.0
Ole Miss,32a52309-e450-4a43-9bf8-4290c99822ca,Isaiah Woullard,RB,,0.0,0.0,0.0,0.0,0.0,0.0,0.0,0.0,0.0,0.0,0.0,0.0,0.0,1.0,0.0,0.0,0.0,0.0,0.0,0.0,0.0,0.0,1.444,9.0,0.0,13.0,5.0,0.0,0.0,3.0,-9.0,0.0,,,,,,,,,,,,,,,,,,,,,,,,,,,,
Ole Miss,3b42aaa0-863b-11ec-ac3f-2f01cb0af5e4,Jarell Stinson,CB,22,,,,,,,,,,,,,,,,,,,,,,,,,,,,,,,,,,,,,,,,,,,,,,,,,,,,,,,,,,,,
Ole Miss,3ba57de8-cf8f-4c1b-887e-b7319594235d,KD Hill,DT,38,5.0,15.0,20.0,1.0,14.0,0.0,1.0,0.0,0.0,1.0,2.0,16.0,0.0,0.0,0.0,0.0,0.0,0.0,0.0,0.0,0.0,0.0,,,,,,,,,,,,,,,,,,,,,,,,,,,,,,,,,,,,,,
Ole Miss,3d2076b0-0771-11ed-a794-5fe916135ce6,Davin Wydner,QB,2,,,,,,,,,,,,,,,,,,,,,,,,,,,,,,,,,,,,,,,,,,,,,,,,,,,,,,,,,,,,
Ole Miss,3e0247e1-7e07-40f1-9f07-99a30ed8330e,Kyndrich Breedlove,SAF,,,,,,,,,,,,,,,,,,,,,,,,,,,,,,,,,,,,,,,,,,,,,,,,,,,,,,,,,,,,,
Ole Miss,3e91cde8-447d-4559-b029-41ac28270914,Jaden Dicks,DE,,,,,,,,,,,,,,,,,,,,,,,,,,,,,,,,,,,,,,,,,,,,,,,,,,,,,,,,,,,,,
Ole Miss,4019e039-c539-4007-b1db-b9cac279b103,DeSanto Rollins,DT,,0.0,2.0,2.0,0.0,0.0,0.0,0.0,0.0,0.0,0.0,0.0,0.0,0.0,0.0,0.0,0.0,0.0,0.0,0.0,0.0,0.0,0.0,,,,,,,,,,,,,,,,,,,,,,,,,,,,,,,,,,,,,,
Ole Miss,41904dc3-e8d6-4a95-8408-47ce7767785f,Demarko Williams,DB,7,0.0,0.0,0.0,0.0,0.0,0.0,0.0,0.0,0.0,0.0,0.0,0.0,0.0,4.0,1.0,1.0,1.0,0.0,0.0,0.0,0.0,0.0,,,,,,,,,,,,,,,,,,,,,,,,,,,,,,,,,,,,,,
Ole Miss,421d2ffc-9e98-4412-aee1-07479749edb7,JJ Pegues,DT,,12.0,9.0,21.0,3.0,19.0,0.0,1.0,0.0,0.0,3.0,4.0,21.0,0.0,0.0,0.0,0.0,0.0,0.0,0.0,0.0,0.0,0.0,4.0,1.0,0.0,4.0,4.0,0.0,0.0,0.0,0.0,1.0,,,,,,,,,,,,,,,,,,1.0,2.0,1.0,1.0,1.0,1.0,1.0,1.0,2.0,0.0,0.0
Ole Miss,43d31614-b116-4f28-9c6f-579db687816b,Matt Jones,RB,0,0.0,0.0,0.0,0.0,0.0,0.0,0.0,0.0,0.0,0.0,0.0,0.0,0.0,0.0,1.0,0.0,0.0,0.0,0.0,0.0,0.0,0.0,1.0,3.0,1.0,3.0,3.0,1.0,3.0,1.0,-1.0,1.0,,,,,,,,,,,,,,,,,,,,,,,,,,,,
Ole Miss,44280ebc-573c-407d-a1c8-693e9b780003,Markevious Brown,DB,1,11.0,4.0,15.0,0.0,0.0,0.0,1.0,0.0,0.0,0.0,1.0,3.0,0.0,1.0,0.0,0.0,0.0,0.0,0.0,0.0,0.0,0.0,,,,,,,,,,,,,,,,,,,,,,,,,,,,,,,,,,,,,,
Ole Miss,47480c0b-e158-4ae0-bebf-546d005b65e2,Cedrick Nicely,OL,56,,,,,,,,,,,,,,,,,,,,,,,,,,,,,,,,,,,,,,,,,,,,,,,,,,,,,,,,,,,,
Ole Miss,48881134-eded-45fe-9eda-8d0c35ae6164,Jack Greer,OL,,,,,,,,,,,,,,,,,,,,,,,,,,,,,,,,,,,,,,,,,,,,,,,,,,,,,,,,,,,,,
Ole Miss,48ab8c30-863a-11ec-ac3f-2f01cb0af5e4,Reginald Hughes,LB,,2.0,2.0,4.0,0.0,0.0,0.0,0.0,0.0,0.0,0.0,0.0,0.0,0.0,2.0,0.0,0.0,0.0,0.0,0.0,0.0,0.0,0.0,,,,,,,,,,,,,,,,,,,,,,,,,,,,,,,,,,,,,,
Ole Miss,48b840d6-8331-4976-af99-e702e701f460,CJ Terrell,SAF,41,,,,,,,,,,,,,,,,,,,,,,,,,,,,,,,,,,,,,,,,,,,,,,,,,,,,,,,,,,,,
Ole Miss,4e29a389-2f0f-4ce7-b559-596441858df5,Danny Lockhart Jr.,LB,54,,,,,,,,,,,,,,,,,,,,,,,,,,,,,,,,,,,,,,,,,,,,,,,,,,,,,,,,,,,,
Ole Miss,4ee98f9e-09c6-49e0-965a-ef876fccdd33,Calvin Wilson,WR,31,,,,,,,,,,,,,,,,,,,,,,,,,,,,,,,,,,,,,,,,,,,,,,,,,,,,,,,,,,,,
Ole Miss,57cff9f9-f63d-4656-b785-3d3af805c440,Jalen Cunningham,OL,,,,,,,,,,,,,,,,,,,,,,,,,,,,,,,,,,,,,,,,,,,,,,,,,,,,,,,,,,,,,
Ole Miss,5851fedc-b3c3-4b4f-bf34-97b791cb70db,Andrew Griffith,LB,48,,,,,,,,,,,,,,,,,,,,,,,,,,,,,,,,,,,,,,,,,,,,,,,,,,,,,,,,,,,,
Ole Miss,59654b86-5156-4c7e-aa48-59f1c894ce07,Mason Brooks,OL,0,,,,,,,,,,,,,,,,,,,,,,,,,,,,,,,,,,,,,,,,,,,,,,,,,,,,,,,,,,,,
Ole Miss,5a0da4ab-33ab-49a4-9190-e2be055fe3ea,Clayton Ladd,LB,57,,,,,,,,,,,,,,,,,,,,,,,,,,,,,,,,,,,,,,,,,,,,,,,,,,,,,,,,,,,,
Ole Miss,5b71bdc8-f007-454f-baae-1253bc4bf002,Nick Broeker,OL,0,,,,,,,,,,,,,,,,,,,,,,,,,,,,,,,,,,,,,,,,,,,,,,,,,,,,,,,,,,,,
Ole Miss,5b985710-0772-11ed-9d37-15b02999c0f4,Zach Johansen,SAF,39,,,,,,,,,,,,,,,,,,,,,,,,,,,,,,,,,,,,,,,,,,,,,,,,,,,,,,,,,,,,
Ole Miss,5c2b446e-b461-4e57-88be-0b438143ccf1,Reece McIntyre,OL,56,,,,,,,,,,,,,,,,,,,,,,,,,,,,,,,,,,,,,,,,,,,,,,,,,,,,,,,,,,,,
Ole Miss,601524b1-bbc5-40d9-acd7-97238c7ffab1,MJ Daniels,CB,,0.0,5.0,5.0,0.5,2.0,0.0,0.0,0.0,0.0,1.0,0.0,0.0,0.0,0.0,0.0,0.0,0.0,0.0,0.0,0.0,0.0,0.0,,,,,,,,,,,,,,,,,,,,,,,,,,,,,,,,,,,,,,
Ole Miss,61359763-c50a-41c3-8af1-05dc08aadcf4,Demon Clowney,DE,,3.0,1.0,4.0,1.0,7.0,0.0,0.0,0.0,0.0,1.0,2.0,9.0,0.0,0.0,0.0,0.0,0.0,0.0,0.0,0.0,0.0,0.0,,,,,,,,,,,,,,,,,,,,,,,,,,,,,,,,,,,,,,
Ole Miss,63922534-e459-487a-b09a-3eb496f46902,Tavion Prather,DT,94,,,,,,,,,,,,,,,,,,,,,,,,,,,,,,,,,,,,,,,,,,,,,,,,,,,,,,,,,,,,
Ole Miss,6a882206-51b7-420a-b900-1eb1a1f6376b,Casey Kelly,TE,,,,,,,,,,,,,,,,,,,,,,,,,,,,,,,,,,,,,,,,,,,,,,,,,,,3.0,13.0,17.0,5.667,13.0,1.0,1.0,17.0,3.0,0.0,1.0
Ole Miss,6ac8201d-b9c1-4fec-bd5a-eb730f59b87e,Jalen Knox,WR,,,,,,,,,,,,,,,,,,,,,,,,,,,,,,,,,,,,,,,,,,,,,,,,,,,,,,,,,,,,,
Ole Miss,6b9f20d7-1973-48b9-889c-6c0931921fe3,Fred McAfee,RB,,,,,,,,,,,,,,,,,,,,,,,,,,,,,,,,,,,,,,,,,,,,,,,,,,,,,,,,,,,,,
Ole Miss,6d1fe680-daac-11ec-9fbe-d764b66afc75,Hayden Farrar,WR,37,,,,,,,,,,,,,,,,,,,,,,,,,,,,,,,,,,,,,,,,,,,,,,,,,,,,,,,,,,,,
Ole Miss,71f14f40-daad-11ec-9fbe-d764b66afc75,Salathiel Hemphill,TE,46,,,,,,,,,,,,,,,,,,,,,,,,,,,,,,,,,,,,,,,,,,,,,,,,,,,,,,,,,,,,
Ole Miss,72304b70-4838-4c35-82ad-aecc12dd7fef,Jamond Gordon,DT,,2.0,6.0,8.0,0.0,0.0,0.0,0.0,0.0,0.0,0.0,1.0,2.0,0.0,0.0,0.0,0.0,0.0,0.0,0.0,0.0,0.0,0.0,,,,,,,,,,,,,,,,,,,,,,,,,,,,,,,,,,,,,,
Ole Miss,726066e0-0772-11ed-9d37-15b02999c0f4,Landon Thomason,TE,42,0.0,0.0,0.0,0.0,0.0,0.0,0.0,0.0,0.0,0.0,0.0,0.0,0.0,1.0,0.0,0.0,0.0,0.0,0.0,0.0,0.0,0.0,,,,,,,,,,,,,,,,,,,,,,,,,,,,,,,,,,,,,,
Ole Miss,73669313-e37e-4e94-81d5-891674b8e966,J.J. Henry,WR,4,,,,,,,,,,,,,,,,,,,,,,,5.0,6.0,0.0,30.0,21.0,0.0,0.0,2.0,-2.0,1.0,,,,,,,,,,,,,,,,,,5.0,12.0,56.0,11.2,22.0,0.0,0.0,58.0,0.0,-2.0,3.0
Ole Miss,7480c414-4538-42fc-8830-8ac69a713645,Deantre Prince,CB,,28.0,10.0,38.0,0.0,0.0,1.0,4.0,0.0,0.0,0.0,1.0,3.0,0.0,0.0,0.0,0.0,0.0,0.0,0.0,0.0,0.0,0.0,,,,,,,,,,,,,,,,,,,,,,,,,,,,,,,,,,,,,,
Ole Miss,77066866-7111-4e22-9e46-27a4835a79e2,Hamilton Hall,OL,,,,,,,,,,,,,,,,,,,,,,,,,,,,,,,,,,,,,,,,,,,,,,,,,,,,,,,,,,,,,
Ole Miss,7783bc30-863a-11ec-ac3f-2f01cb0af5e4,Davison Igbinosun,CB,,23.0,12.0,35.0,0.0,0.0,0.0,2.0,0.0,0.0,0.0,0.0,0.0,0.0,0.0,0.0,0.0,0.0,0.0,0.0,0.0,0.0,0.0,,,,,,,,,,,,,,,,,,,,,,,,,,,,,,,,,,,,,,
Ole Miss,79877855-d615-4777-baeb-0ed95d2021fc,Jakivuan Brown,DE,,0.0,2.0,2.0,0.0,0.0,0.0,0.0,0.0,0.0,0.0,0.0,0.0,0.0,0.0,0.0,0.0,0.0,0.0,0.0,0.0,0.0,0.0,,,,,,,,,,,,,,,,,,,,,,,,,,,,,,,,,,,,,,
Ole Miss,7f4997b0-8639-11ec-ac3f-2f01cb0af5e4,Taylor Groves,SAF,,0.0,1.0,1.0,0.0,0.0,0.0,0.0,0.0,0.0,0.0,0.0,0.0,0.0,0.0,0.0,0.0,0.0,0.0,0.0,0.0,0.0,0.0,,,,,,,,,,,,,,,,,,,,,,,,,,,,,,,,,,,,,,
Ole Miss,80ccf1bb-0e6c-423d-aab4-ef2ff2c8e6b2,Dayton Wade,WR,,1.0,0.0,1.0,0.0,0.0,0.0,0.0,0.0,0.0,0.0,0.0,0.0,0.0,0.0,0.0,0.0,0.0,0.0,0.0,0.0,0.0,0.0,8.667,9.0,0.0,78.0,36.0,0.0,0.0,1.0,-2.0,3.0,1.0,0.0,0.0,0.0,0.0,0.0,0.0,0.0,0.0,0.0,0.0,0.0,0.0,0.0,0.0,0.0,0.0,27.0,37.0,309.0,11.444,39.0,3.0,35.0,309.0,6.0,0.0,13.0
Ole Miss,81f1c9c0-8638-11ec-ac3f-2f01cb0af5e4,Nick Cull,SAF,29,,,,,,,,,,,,,,,,,,,,,,,,,,,,,,,,,,,,,,,,,,,,,,,,,,,,,,,,,,,,
Ole Miss,87c3d653-a908-4a44-85e5-6403f1612097,Otis Reese,SAF,0,33.0,35.0,68.0,3.0,23.0,1.0,2.0,0.0,1.0,4.0,6.0,31.0,0.0,0.0,0.0,0.0,0.0,0.0,0.0,0.0,0.0,0.0,,,,,,,,,,,,,,,,,,,,,,,,,,,,,,,,,,,,,,
Ole Miss,87dd4e80-0771-11ed-a794-5fe916135ce6,Trace Campbell,QB,,,,,,,,,,,,,,,,,,,,,,,,,,,,,,,,,,,,,,,,,,,,,,,,,,,,,,,,,,,,,
Ole Miss,89bddf83-7c6e-45f3-9529-0e7936b4bd35,Austin Keys,LB,6,14.0,19.0,33.0,2.0,12.0,0.0,0.0,1.0,0.0,5.0,2.0,12.0,0.0,0.0,0.0,0.0,0.0,0.0,0.0,0.0,0.0,0.0,,,,,,,,,,,,,,,,,,,,,,,,,,,,,,,,,,,,,,
Ole Miss,8abbbc2c-acd1-4331-86df-6b5c2dd2e75a,Kentrel Bullock,RB,3,,,,,,,,,,,,,,,,,,,,,,,,,,,,,,,,,,,,,,,,,,,,,,,,,,,,,,,,,,,,
Ole Miss,8daf0263-24c2-4a17-8d5c-e48ba49cfb75,Jordan Watkins,WR,11,1.0,0.0,1.0,0.0,0.0,0.0,0.0,0.0,0.0,0.0,0.0,0.0,0.0,0.0,0.0,0.0,0.0,0.0,0.0,0.0,0.0,0.0,-1.5,2.0,0.0,-3.0,0.0,0.0,1.0,1.0,-3.0,0.0,1.0,1.0,100.0,4.0,4.0,0.0,0.0,0.0,4.0,0.0,133.6,0.0,0.0,0.0,4.0,0.0,0.0,40.0,57.0,449.0,11.225,61.0,2.0,61.0,449.0,9.0,0.0,19.0
Ole Miss,8dc5db62-9f46-42fb-b83a-d0cfeaa376d8,Tavius Robinson,DE,95,17.0,23.0,40.0,7.0,56.5,0.0,0.0,5.0,2.0,9.0,3.0,35.0,1.0,0.0,0.0,0.0,0.0,0.0,0.0,0.0,0.0,0.0,,,,,,,,,,,,,,,,,,,,,,,,,,,,,,,,,,,,,,
Ole Miss,8fc0d27c-41fc-46f1-937b-2f6b6f99dbb2,Erick Cade,OL,74,,,,,,,,,,,,,,,,,,,,,,,,,,,,,,,,,,,,,,,,,,,,,,,,,,,,,,,,,,,,
Ole Miss,95e1f900-234a-11ed-8e1e-812349f8e9b9,Charlie Pollock,P,48,,,,,,,,,,,,,,,,,,,,,,,,,,,,,,,,,,,,,,,,,,,,,,,,,,,,,,,,,,,,
Ole Miss,97abd62a-997e-4354-86e3-9d522415e2ca,Daniel Newman,SAF,,,,,,,,,,,,,,,,,,,,,,,,,,,,,,,,,,,,,,,,,,,,,,,,,,,,,,,,,,,,,
Ole Miss,9d4aad26-d573-4a4f-9315-e2b5d5055df3,Brandon Mack II,LB,4,1.0,0.0,1.0,0.0,0.0,0.0,0.0,0.0,0.0,0.0,0.0,0.0,0.0,0.0,0.0,0.0,0.0,0.0,0.0,0.0,0.0,0.0,,,,,,,,,,,,,,,,,,,,,,,,,,,,,,,,,,,,,,
Ole Miss,9e526500-234c-11ed-8e1e-812349f8e9b9,Christian Schanefelt,K,,,,,,,,,,,,,,,,,,,,,,,,,,,,,,,,,,,,,,,,,,,,,,,,,,,,,,,,,,,,,
Ole Miss,9f8b8c42-d514-4728-b42d-1dcf18c3e30e,Elijah Sabbatini,SAF,0,,,,,,,,,,,,,,,,,,,,,,,,,,,,,,,,,,,,,,,,,,,,,,,,,,,,,,,,,,,,
Ole Miss,a0bf4610-daad-11ec-9fbe-d764b66afc75,Matt Ware,TE,0,,,,,,,,,,,,,,,,,,,,,,,,,,,,,,,,,,,,,,,,,,,,,,,,,,,,,,,,,,,,
Ole Miss,a3310303-deb8-459d-80f6-673bb32b1908,Ladarius Tennison,DB,,26.0,22.0,48.0,1.0,9.0,0.0,0.0,0.0,2.0,1.0,9.0,28.0,0.0,2.0,0.0,0.0,0.0,0.0,0.0,0.0,0.0,0.0,,,,,,,,,,,,,,,,,,,,,,,,,,,,,,,,,,,,,,
Ole Miss,a355ccdb-457f-4255-aa11-03836cd42fa5,Miles Battle,CB,,18.0,9.0,27.0,0.0,0.0,1.0,2.0,1.0,0.0,0.0,0.0,3.0,0.0,3.0,2.0,0.0,0.0,0.0,0.0,0.0,0.0,0.0,,,,,,,,,,,,,,,,,,,,,,,,,,,,,,,,,,,,,,
Ole Miss,a8cbbc44-11dd-488a-8745-ae3ebdf87ca9,Trey Washington,SAF,25,20.0,9.0,29.0,0.0,0.0,1.0,3.0,1.0,0.0,0.0,1.0,2.0,0.0,1.0,0.0,0.0,0.0,0.0,0.0,0.0,0.0,0.0,,,,,,,,,,,,,,,,,,,,,,,,,,,,,,,,,,,,,,
Ole Miss,a9d4a6c0-0774-11ed-9ff7-c99a54d07a0f,Alec Grijalva,OL,,,,,,,,,,,,,,,,,,,,,,,,,,,,,,,,,,,,,,,,,,,,,,,,,,,,,,,,,,,,,
Ole Miss,ad9dcea0-0772-11ed-9d37-15b02999c0f4,Trip White,LB,30,2.0,6.0,8.0,0.0,0.0,0.0,0.0,0.0,0.0,0.0,0.0,0.0,0.0,1.0,0.0,0.0,0.0,0.0,0.0,0.0,0.0,0.0,,,,,,,,,,,,,,,,,,,,,,,,,,,,,,,,,,,,,,
Ole Miss,b0c3a640-863a-11ec-ac3f-2f01cb0af5e4,Quinshon Judkins,RB,,2.0,0.0,2.0,0.0,0.0,0.0,0.0,0.0,0.0,0.0,0.0,0.0,0.0,0.0,0.0,0.0,0.0,0.0,0.0,0.0,0.0,0.0,5.719,274.0,16.0,1567.0,61.0,48.0,75.0,27.0,-45.0,79.0,1.0,1.0,100.0,7.0,7.0,0.0,0.0,0.0,7.0,0.0,158.8,0.0,0.0,0.0,7.0,0.0,0.0,15.0,20.0,132.0,8.8,25.0,1.0,7.0,132.0,2.0,0.0,5.0
Ole Miss,b0cc9849-8647-4082-8f7e-21cf3586ab1d,Caden Costa,K,,,,,,,,,,,,,,,,,,,,,,,,,,,,,,,,,,,,,,,,,,,,,,,,,,,,,,,,,,,,,
Ole Miss,b1ab51b0-863b-11ec-ac3f-2f01cb0af5e4,Jaron Willis,LB,14,,,,,,,,,,,,,,,,,,,,,,,,,,,,,,,,,,,,,,,,,,,,,,,,,,,,,,,,,,,,
Ole Miss,b3bf4bf1-a170-46dc-86bb-43dfee79df7d,Luke Altmyer,QB,9,,,,,,,,,,,,,,,,,,,,,,,0.75,4.0,1.0,3.0,5.0,1.0,1.0,0.0,0.0,0.0,17.0,8.0,47.059,125.0,7.353,1.0,8.0,2.0,36.0,1.0,135.88,7.0,0.0,6.0,125.0,5.0,0.0,,,,,,,,,,,
Ole Miss,b4258025-0779-410b-9c2b-3c90a67eefd3,Bralon Brown,WR,8,,,,,,,,,,,,,,,,,,,,,,,,,,,,,,,,,,,,,,,,,,,,,,,,,,1.0,2.0,11.0,11.0,11.0,0.0,0.0,11.0,0.0,0.0,1.0
Ole Miss,b4325ca0-8639-11ec-ac3f-2f01cb0af5e4,Zxavian Harris,DT,51,1.0,2.0,3.0,0.0,0.0,0.0,0.0,0.0,0.0,0.0,0.0,1.0,0.0,0.0,0.0,0.0,0.0,0.0,0.0,0.0,0.0,0.0,,,,,,,,,,,,,,,,,,,,,,,,,,,,,,,,,,,,,,
Ole Miss,b6468f6a-404d-46f6-b1c4-af52fbf93359,Zach Evans,RB,0,0.0,0.0,0.0,0.0,0.0,0.0,0.0,0.0,0.0,0.0,0.0,0.0,0.0,0.0,1.0,0.0,0.0,0.0,0.0,0.0,0.0,0.0,6.5,144.0,9.0,936.0,48.0,48.0,28.0,13.0,-27.0,50.0,,,,,,,,,,,,,,,,,,12.0,19.0,119.0,9.917,23.0,1.0,23.0,119.0,1.0,0.0,4.0
Ole Miss,b8e4f10d-6673-4f1b-b751-17cd5537f23c,Lex Boucvalt,WR,,,,,,,,,,,,,,,,,,,,,,,,,,,,,,,,,,,,,,,,,,,,,,,,,,,,,,,,,,,,,
Ole Miss,bce63403-1e68-4db1-af35-8d12e5e86c09,Kinkead Dent,QB,8,,,,,,,,,,,,,,,,,,,,,,,,,,,,,,,,,5.0,3.0,60.0,7.0,1.4,0.0,0.0,0.0,7.0,0.0,71.76,0.0,-2.0,0.0,7.0,0.0,0.0,,,,,,,,,,,
Ole Miss,bd3943a0-8638-11ec-ac3f-2f01cb0af5e4,Preston Cushman,OL,78,,,,,,,,,,,,,,,,,,,,,,,,,,,,,,,,,,,,,,,,,,,,,,,,,,,,,,,,,,,,
Ole Miss,c3278718-81ab-4716-949e-754d3cbae643,Jonathan Cruz,K,14,,,,,,,,,,,,,,,,,,,,,,,,,,,,,,,,,,,,,,,,,,,,,,,,,,,,,,,,,,,,
Ole Miss,c5bfcc2e-c7a8-4f80-b5b1-4b1a25e87054,Rayf Vinson,WR,11,,,,,,,,,,,,,,,,,,,,,,,,,,,,,,,,,,,,,,,,,,,,,,,,,,,,,,,,,,,,
Ole Miss,c6033efc-83b2-4720-9e6d-724a535e8807,Khari Coleman,LB,,23.0,16.0,39.0,4.5,34.5,0.0,0.0,1.0,0.0,5.0,7.0,20.0,0.0,0.0,0.0,0.0,0.0,0.0,0.0,0.0,0.0,0.0,,,,,,,,,,,,,,,,,,,,,,,,,,,,,,,,,,,,,,
Ole Miss,cab11346-097a-48b5-ae29-ca2e676696e1,AJ Finley,SAF,0,42.0,27.0,69.0,0.0,0.0,2.0,2.0,1.0,1.0,0.0,3.0,10.0,0.0,0.0,0.0,0.0,0.0,0.0,0.0,0.0,0.0,0.0,,,,,,,,,,,,,,,,,,,,,,,,,,,,,,,,,,,,,,
Ole Miss,cb57dd1f-2686-4d5c-b5a6-4d0fd420b433,John Porchivina,LB,44,,,,,,,,,,,,,,,,,,,,,,,,,,,,,,,,,,,,,,,,,,,,,,,,,,,,,,,,,,,,
Ole Miss,cd8e15dd-ffd9-4c61-935b-8abc2c215454,Malik Heath,WR,0,1.0,0.0,1.0,0.0,0.0,0.0,0.0,0.0,0.0,0.0,0.0,0.0,0.0,0.0,0.0,0.0,0.0,0.0,0.0,0.0,0.0,0.0,,,,,,,,,,,,,,,,,,,,,,,,,,,,60.0,88.0,971.0,16.183,53.0,5.0,31.0,971.0,11.0,0.0,40.0
Ole Miss,d4ffdbb0-0771-11ed-9d37-15b02999c0f4,Roman Rashada,DB,,0.0,0.0,0.0,0.0,0.0,0.0,0.0,0.0,0.0,0.0,0.0,0.0,0.0,1.0,0.0,0.0,0.0,0.0,0.0,0.0,0.0,0.0,,,,,,,,,,,,,,,,,,,,,,,,,,,,,,,,,,,,,,
Ole Miss,d756e0d6-85d5-4ab7-acdf-e629a0523f59,Ulysses Bentley IV,RB,,,,,,,,,,,,,,,,,,,,,,,,4.563,16.0,4.0,73.0,17.0,15.0,11.0,2.0,-4.0,5.0,,,,,,,,,,,,,,,,,,1.0,3.0,4.0,4.0,4.0,0.0,0.0,4.0,0.0,0.0,0.0
Ole Miss,d9861530-0773-11ed-9ff7-c99a54d07a0f,Zaid Warren,LB,54,,,,,,,,,,,,,,,,,,,,,,,,,,,,,,,,,,,,,,,,,,,,,,,,,,,,,,,,,,,,
Ole Miss,dc005751-8d9a-4440-bf08-4d0140ac71a7,Cedric Melton,OL,76,,,,,,,,,,,,,,,,,,,,,,,,,,,,,,,,,,,,,,,,,,,,,,,,,,,,,,,,,,,,
Ole Miss,dd1425b9-4470-49cc-9e48-84d303a55dcd,Cedric Johnson,DE,,13.0,16.0,29.0,4.0,22.0,0.0,0.0,0.0,1.0,5.0,4.0,22.0,0.0,0.0,0.0,0.0,0.0,1.0,0.0,0.0,0.0,0.0,,,,,,,,,,,,,,,,,,,,,,,,,,,,,,,,,,,,,,
Ole Miss,e1ccaae0-8638-11ec-ac3f-2f01cb0af5e4,Jeremiah Dillon,WR,15,,,,,,,,,,,,,,,,,,,,,,,,,,,,,,,,,,,,,,,,,,,,,,,,,,,,,,,,,,,,
Ole Miss,e23c1d10-0772-11ed-9ff7-c99a54d07a0f,Harrison Craig,SAF,46,,,,,,,,,,,,,,,,,,,,,,,,,,,,,,,,,,,,,,,,,,,,,,,,,,,,,,,,,,,,
Ole Miss,e86e78ae-22d7-4fc2-8a47-4f19614beaba,Jayden Williams,OL,50,,,,,,,,,,,,,,,,,,,,,,,,,,,,,,,,,,,,,,,,,,,,,,,,,,,,,,,,,,,,
Ole Miss,e8990b30-8637-11ec-ac3f-2f01cb0af5e4,Tyler Banks,LB,34,0.0,4.0,4.0,0.0,0.0,0.0,0.0,0.0,0.0,0.0,0.0,0.0,0.0,0.0,0.0,0.0,0.0,0.0,0.0,0.0,0.0,0.0,,,,,,,,,,,,,,,,,,,,,,,,,,,,,,,,,,,,,,
Ole Miss,ea1376d9-bcb7-48d4-935d-41e49cd507a1,Caleb Warren,OL,54,,,,,,,,,,,,,,,,,,,,,,,,,,,,,,,,,,,,,,,,,,,,,,,,,,,,,,,,,,,,
Ole Miss,eaf01bdc-5c53-4baa-b980-9967d5dc00da,Troy Brown,LB,0,42.0,33.0,75.0,0.5,5.5,0.0,0.0,1.0,0.0,2.0,1.0,1.0,0.0,0.0,0.0,0.0,0.0,0.0,0.0,0.0,0.0,0.0,,,,,,,,,,,,,,,,,,,,,,,,,,,,,,,,,,,,,,
Ole Miss,ebc40cdd-41ab-4ed2-8d97-5eaabc16b431,Micah Pettus,OL,57,,,,,,,,,,,,,,,,,,,,,,,,,,,,,,,,,,,,,,,,,,,,,,,,,,,,,,,,,,,,
Ole Miss,ec627a4c-b61a-446a-935e-ddd1f84151b4,Qua Davis,WR,,,,,,,,,,,,,,,,,,,,,,,,,,,,,,,,,,,,,,,,,,,,,,,,,,,1.0,1.0,2.0,2.0,2.0,0.0,0.0,2.0,0.0,0.0,0.0
Ole Miss,ecf5155c-3160-4298-9d87-5772777ca3a9,Tobias Braun,OL,72,,,,,,,,,,,,,,,,,,,,,,,,,,,,,,,,,,,,,,,,,,,,,,,,,,,,,,,,,,,,
Ole Miss,f19a5564-815f-4dcc-adcd-3cbe1514c3ca,Dashaun Jerkins,SAF,,1.0,2.0,3.0,0.0,0.0,1.0,1.0,0.0,0.0,0.0,0.0,0.0,0.0,0.0,0.0,0.0,0.0,0.0,0.0,0.0,0.0,0.0,,,,,,,,,,,,,,,,,,,,,,,,,,,,,,,,,,,,,,
Ole Miss,f6490480-0772-11ed-9ff7-c99a54d07a0f,Trustin Northington,SAF,46,,,,,,,,,,,,,,,,,,,,,,,,,,,,,,,,,,,,,,,,,,,,,,,,,,,,,,,,,,,,
Ole Miss,f74b1d91-a102-4121-833b-039338be8d1c,DJ Ruff,TE,0,,,,,,,,,,,,,,,,,,,,,,,,,,,,,,,,,,,,,,,,,,,,,,,,,,,,,,,,,,,,
Ole Miss,f763537b-5570-4bcc-ba16-12005a46c2dd,Hudson Wolfe,TE,87,,,,,,,,,,,,,,,,,,,,,,,,,,,,,,,,,,,,,,,,,,,,,,,,,,,,,,,,,,,,
Ole Miss,fa699527-0702-4d6d-90b9-2723030af01c,J.J. Hawkins,DL,55,1.0,0.0,1.0,1.0,6.0,0.0,0.0,0.0,0.0,1.0,1.0,6.0,0.0,0.0,0.0,0.0,0.0,0.0,0.0,0.0,0.0,0.0,,,,,,,,,,,,,,,,,,,,,,,,,,,,,,,,,,,,,,
Ole Miss,fbfe3164-6988-420d-a78d-83f2afdaf95b,Michael Trigg,TE,1,,,,,,,,,,,,,,,,,,,,,,,,,,,,,,,,,,,,,,,,,,,,,,,,,,17.0,27.0,156.0,9.176,28.0,3.0,7.0,156.0,10.0,0.0,6.0
Ole Miss,fe2c6152-a31b-409e-bb23-3f38adfd423e,Jonathan Mingo,WR,0,,,,,,,,,,,,,,,,,,,,,,,-1.75,4.0,1.0,-7.0,2.0,2.0,2.0,2.0,-9.0,0.0,,,,,,,,,,,,,,,,,,51.0,89.0,861.0,16.882,72.0,5.0,72.0,861.0,21.0,0.0,33.0
Ole Miss,ff22d220-863a-11ec-ac3f-2f01cb0af5e4,Fraser Masin,P,12,,,,,,,,,,,,,,,,,,,,,,,,,,,,,,,,,,,,,,,,,,,,,,,,,,,,,,,,,,,,
