id,name,position,jersey,rushing_avg_yards,rushing_attempts,rushing_touchdowns,rushing_yards,rushing_longest,rushing_longest_touchdown,rushing_redzone_attempts,rushing_tlost,rushing_tlost_yards,rushing_first_downs,passing_attempts,passing_completions,passing_cmp_pct,passing_yards,passing_avg_yards,passing_sacks,passing_sack_yards,passing_touchdowns,passing_longest,passing_interceptions,passing_rating,passing_longest_touchdown,passing_air_yards,passing_redzone_attempts,passing_gross_yards,passing_first_downs,passing_int_touchdowns,defense_tackles,defense_assists,defense_combined,defense_sacks,defense_sack_yards,defense_interceptions,defense_passes_defended,defense_forced_fumbles,defense_fumble_recoveries,defense_qb_hits,defense_tloss,defense_tloss_yards,defense_safeties,defense_sp_tackles,defense_sp_assists,defense_sp_forced_fumbles,defense_sp_fumble_recoveries,defense_sp_blocks,defense_misc_tackles,defense_misc_assists,defense_misc_forced_fumbles,defense_misc_fumble_recoveries,defense_sp_own_fumble_recoveries,defense_sp_opp_fumble_recoveries,receiving_receptions,receiving_targets,receiving_yards,receiving_avg_yards,receiving_longest,receiving_touchdowns,receiving_longest_touchdown,receiving_yards_after_catch,receiving_redzone_targets,receiving_air_yards,receiving_first_downs
06ee8000-eac3-11ee-8a20-978585ed32d7,Cam Clark,DE,35,,,,,,,,,,,,,,,,,,,,,,,,,,,,,,,,,,,,,,,,,,,,,,,,,,,,,,,,,,,,,,
07fec900-5436-11ef-9fca-813db73cd1c3,Raphael Ekechi,RB,,,,,,,,,,,,,,,,,,,,,,,,,,,,,,,,,,,,,,,,,,,,,,,,,,,,,,,,,,,,,,,
092d193d-8f4c-41c5-9e14-1475427dd64b,Jaxson Dart,QB,,3.992,124.0,3.0,495.0,35.0,15.0,22.0,7.0,-13.0,31.0,398.0,276.0,69.347,4279.0,10.751,28.0,160.0,29.0,75.0,6.0,180.69,75.0,165.0,49.0,4279.0,160.0,0.0,,,,,,,,,,,,,,,,,,,,,,,,,,,,,,,,,,,
0a447c03-d71e-4076-90f6-dbce00b50a33,Jared Ivey,DE,,,,,,,,,,,,,,,,,,,,,,,,,,,,,23.0,19.0,42.0,7.0,52.0,0.0,0.0,2.0,1.0,8.0,6.0,40.0,0.0,0.0,0.0,0.0,0.0,0.0,0.0,0.0,0.0,0.0,0.0,0.0,,,,,,,,,,,
0bd8ac65-7b10-44c6-976a-4d65e097743f,Jack Mills,OL,,,,,,,,,,,,,,,,,,,,,,,,,,,,,,,,,,,,,,,,,,,,,,,,,,,,,,,,,,,,,,,
0dc19510-0772-11ed-9d37-15b02999c0f4,Mac Owen,WR,86,,,,,,,,,,,,,,,,,,,,,,,,,,,,,,,,,,,,,,,,,,,,,,,,,,,,,,,,,,,,,,
0ea6647d-dd98-44c6-a576-70b543fdd143,Jeremy James,OL,,,,,,,,,,,,,,,,,,,,,,,,,,,,,,,,,,,,,,,,,,,,,,,,,,,,,,,,,,,,,,,
0f4bafa0-a282-11ed-8817-fbb3e64504d9,Mana Taimani,OL,57,,,,,,,,,,,,,,,,,,,,,,,,,,,,,,,,,,,,,,,,,,,,,,,,,,,,,,,,,,,,,,
103337c8-81eb-4909-93e7-d21c82279bcf,Carter Short,LS,93,,,,,,,,,,,,,,,,,,,,,,,,,,,,0.0,0.0,0.0,0.0,0.0,0.0,0.0,0.0,0.0,0.0,0.0,0.0,0.0,0.0,0.0,0.0,0.0,0.0,1.0,0.0,0.0,0.0,0.0,0.0,,,,,,,,,,,
10fe80e5-002d-4d3e-9273-0f4943291263,Julius Buelow,OL,,,,,,,,,,,,,,,,,,,,,,,,,,,,,,,,,,,,,,,,,,,,,,,,,,,,,,,,,,,,,,,
11914392-9a50-472c-b945-62b8e6642195,Eli Acker,OL,,,,,,,,,,,,,,,,,,,,,,,,,,,,,,,,,,,,,,,,,,,,,,,,,,,,,,,,,,,,,,,
12b00c32-2d1c-4aa3-acdc-539f995f66f7,Joshua Pfeifer,WR,82,,,,,,,,,,,,,,,,,,,,,,,,,,,,,,,,,,,,,,,,,,,,,,,,,,,,,,,,,,,,,,
14173940-8510-11ec-b84d-a909c14fc4b8,Walter Nolen,DT,,,,,,,,,,,,,,,,,,,,,,,,,,,,,28.0,20.0,48.0,6.5,36.0,0.0,0.0,0.0,2.0,8.0,11.0,43.0,0.0,0.0,0.0,0.0,0.0,0.0,0.0,0.0,0.0,0.0,0.0,0.0,,,,,,,,,,,
152e6030-5437-11ef-9fca-813db73cd1c3,Sean Judge,TE,49,,,,,,,,,,,,,,,,,,,,,,,,,,,,,,,,,,,,,,,,,,,,,,,,,,,,,,,,,,,,,,
1a14ee80-8639-11ec-ac3f-2f01cb0af5e4,Cam East,OL,,,,,,,,,,,,,,,,,,,,,,,,,,,,,,,,,,,,,,,,,,,,,,,,,,,,,,,,,,,,,,,
1a3993e0-1d9f-11ed-90b2-abe9c3335e3d,Justin Kowalak,QB,,,,,,,,,,,,,,,,,,,,,,,,,,,,,,,,,,,,,,,,,,,,,,,,,,,,,,,,,,,,,,,
1ed58a00-24cd-11ed-9b6b-1713a743da6d,Jackson Jones,CB,,,,,,,,,,,,,,,,,,,,,,,,,,,,,,,,,,,,,,,,,,,,,,,,,,,,,,,,,,,,,,,
23815210-0771-11ed-8445-5760fa4a0c23,Braden Waterman,QB,,,,,,,,,,,,,,,,,,,,,,,,,,,,,,,,,,,,,,,,,,,,,,,,,,,,,,,,,,,,,,,
251e2128-5c6b-4692-ace4-1689577aff6d,Trey Amos,CB,,,,,,,,,,,,,,,,,,,,,,,,,,,,,37.0,11.0,48.0,0.0,0.0,3.0,3.0,1.0,0.0,0.0,3.0,11.0,0.0,0.0,0.0,0.0,0.0,0.0,0.0,0.0,0.0,0.0,0.0,0.0,,,,,,,,,,,
255fce30-a281-11ed-8817-fbb3e64504d9,Brycen Sanders,OL,62,,,,,,,,,,,,,,,,,,,,,,,,,,,,,,,,,,,,,,,,,,,,,,,,,,,,,,,,,,,,,,
26295e55-8cd1-4e4a-bf5a-fb7c580ea1ef,Diego Pounds,OL,61,,,,,,,,,,,,,,,,,,,,,,,,,,,,,,,,,,,,,,,,,,,,,,,,,,,,,,,,,,,,,,
27948000-5438-11ef-903d-13e38929f7be,Elliot Stewart,DT,,,,,,,,,,,,,,,,,,,,,,,,,,,,,,,,,,,,,,,,,,,,,,,,,,,,,,,,,,,,,,,
287dc7b0-daaa-11ec-b6ef-57dac54685d5,Drew Burnett,WR,,,,,,,,,,,,,,,,,,,,,,,,,,,,,,,,,,,,,,,,,,,,,,,,,,,,,1.0,2.0,12.0,12.0,12.0,0.0,0.0,12.0,0.0,0.0,1.0
2bc35366-b772-4cde-88ad-1d5a5c80960a,Richard O'Bryant,CB,,,,,,,,,,,,,,,,,,,,,,,,,,,,,1.0,1.0,2.0,0.0,0.0,0.0,0.0,0.0,0.0,0.0,1.0,1.0,0.0,1.0,0.0,0.0,0.0,0.0,0.0,0.0,0.0,0.0,0.0,0.0,,,,,,,,,,,
2dd7b940-12f3-11ef-944d-73abb01f15b4,Jeffery Rush,DT,90,,,,,,,,,,,,,,,,,,,,,,,,,,,,0.0,1.0,1.0,0.0,0.0,0.0,0.0,0.0,0.0,0.0,0.0,0.0,0.0,0.0,0.0,0.0,0.0,0.0,0.0,0.0,0.0,0.0,0.0,0.0,,,,,,,,,,,
2e452894-d6cf-4d14-bcf0-ca82b9305ae8,Jadon Canady,DB,22,,,,,,,,,,,,,,,,,,,,,,,,,,,,22.0,16.0,38.0,0.0,0.0,0.0,0.0,0.0,0.0,0.0,2.0,10.0,0.0,0.0,0.0,0.0,0.0,0.0,0.0,0.0,0.0,0.0,0.0,0.0,,,,,,,,,,,
306be920-a282-11ed-8817-fbb3e64504d9,Ethan Fields,OL,72,,,,,,,,,,,,,,,,,,,,,,,,,,,,,,,,,,,,,,,,,,,,,,,,,,,,,,,,,,,,,,
31391df0-183a-11ed-a064-ef8b74c0c167,Chris Graves Jr.,CB,32,,,,,,,,,,,,,,,,,,,,,,,,,,,,9.0,2.0,11.0,0.0,0.0,0.0,0.0,0.0,0.0,0.0,0.0,0.0,0.0,3.0,1.0,0.0,0.0,0.0,0.0,0.0,0.0,0.0,0.0,0.0,,,,,,,,,,,
32be7f81-8947-42a2-a5b3-d7abecee9ea3,Akelo Stone,DT,,,,,,,,,,,,,,,,,,,,,,,,,,,,,7.0,8.0,15.0,1.5,13.5,0.0,0.0,0.0,0.0,2.0,1.0,10.0,0.0,0.0,0.0,0.0,0.0,0.0,0.0,0.0,0.0,0.0,0.0,0.0,,,,,,,,,,,
3b42aaa0-863b-11ec-ac3f-2f01cb0af5e4,Jarell Stinson,CB,,,,,,,,,,,,,,,,,,,,,,,,,,,,,0.0,0.0,0.0,0.0,0.0,0.0,0.0,0.0,0.0,0.0,0.0,0.0,0.0,1.0,0.0,0.0,0.0,0.0,0.0,0.0,0.0,0.0,0.0,0.0,,,,,,,,,,,
404ce2a9-79d9-496b-a571-78895aa5bf6d,Gerquan Scott,OL,,,,,,,,,,,,,,,,,,,,,,,,,,,,,,,,,,,,,,,,,,,,,,,,,,,,,,,,,,,,,,,
421d2ffc-9e98-4412-aee1-07479749edb7,JJ Pegues,DT,,3.286,21.0,7.0,69.0,10.0,5.0,10.0,0.0,0.0,12.0,,,,,,,,,,,,,,,,,,21.0,22.0,43.0,3.5,26.5,0.0,0.0,0.0,1.0,5.0,11.0,41.0,0.0,0.0,0.0,0.0,0.0,0.0,0.0,0.0,0.0,0.0,0.0,0.0,0.0,1.0,0.0,0.0,0.0,0.0,0.0,0.0,0.0,0.0,0.0
43d31614-b116-4f28-9c6f-579db687816b,Matt Jones,RB,15,5.136,44.0,3.0,226.0,46.0,46.0,13.0,7.0,-13.0,14.0,,,,,,,,,,,,,,,,,,,,,,,,,,,,,,,,,,,,,,,,,,3.0,3.0,13.0,4.333,6.0,0.0,0.0,13.0,0.0,0.0,1.0
447335c7-1029-4865-bad3-d16ae950f7b4,Rashad Amos,RB,,8.333,9.0,0.0,75.0,42.0,0.0,2.0,0.0,0.0,3.0,,,,,,,,,,,,,,,,,,2.0,0.0,2.0,0.0,0.0,0.0,0.0,0.0,0.0,0.0,0.0,0.0,0.0,1.0,0.0,0.0,0.0,0.0,0.0,0.0,0.0,0.0,0.0,0.0,,,,,,,,,,,
46720760-5436-11ef-9fca-813db73cd1c3,Ciaran Pedulla,WR,39,,,,,,,,,,,,,,,,,,,,,,,,,,,,,,,,,,,,,,,,,,,,,,,,,,,,,,,,,,,,,,
46765a31-5af5-4446-9f3c-5e2ba637300e,Devin Price,WR,17,,,,,,,,,,,,,,,,,,,,,,,,,,,,,,,,,,,,,,,,,,,,,,,,,,,,,,,,,,,,,,
481e7db0-16ba-11ee-8c92-9338d1b61ba9,Dylan Davis,SAF,43,,,,,,,,,,,,,,,,,,,,,,,,,,,,,,,,,,,,,,,,,,,,,,,,,,,,,,,,,,,,,,
4b5b8910-bb84-11ec-b02b-c5d20f8995ab,Jordan Smart,WR,,,,,,,,,,,,,,,,,,,,,,,,,,,,,,,,,,,,,,,,,,,,,,,,,,,,,1.0,1.0,34.0,34.0,34.0,0.0,0.0,34.0,0.0,0.0,1.0
4cc524b0-a282-11ed-8817-fbb3e64504d9,Skielar Mann,LB,,,,,,,,,,,,,,,,,,,,,,,,,,,,,,,,,,,,,,,,,,,,,,,,,,,,,,,,,,,,,,,
4dfb25e9-33d1-44dc-b7ec-89eac3c8322d,Logan Diggs,RB,22,15.0,1.0,0.0,15.0,15.0,0.0,0.0,0.0,0.0,1.0,,,,,,,,,,,,,,,,,,,,,,,,,,,,,,,,,,,,,,,,,,1.0,1.0,6.0,6.0,6.0,0.0,0.0,6.0,0.0,0.0,0.0
4e4e65a0-eacd-11ee-ae70-b9e100f9e2a3,Dillon Hipp,TE,,,,,,,,,,,,,,,,,,,,,,,,,,,,,,,,,,,,,,,,,,,,,,,,,,,,,,,,,,,,,,,
4ee98f9e-09c6-49e0-965a-ef876fccdd33,Calvin Wilson,WR,,,,,,,,,,,,,,,,,,,,,,,,,,,,,,,,,,,,,,,,,,,,,,,,,,,,,,,,,,,,,,,
511ddfb0-ef5e-11ed-ba71-41956f3878c1,Torian Kelly,CB,,,,,,,,,,,,,,,,,,,,,,,,,,,,,,,,,,,,,,,,,,,,,,,,,,,,,,,,,,,,,,,
54787690-5437-11ef-9fca-813db73cd1c3,Trey Nightingale,OL,53,,,,,,,,,,,,,,,,,,,,,,,,,,,,,,,,,,,,,,,,,,,,,,,,,,,,,,,,,,,,,,
5b985710-0772-11ed-9d37-15b02999c0f4,Zach Johansen,SAF,39,,,,,,,,,,,,,,,,,,,,,,,,,,,,,,,,,,,,,,,,,,,,,,,,,,,,,,,,,,,,,,
5bb007d0-a280-11ed-8817-fbb3e64504d9,Suntarine Perkins,LB,4,,,,,,,,,,,,,,,,,,,,,,,,,,,,34.0,25.0,59.0,10.5,62.0,1.0,1.0,0.0,1.0,12.0,13.0,60.0,0.0,2.0,0.0,0.0,1.0,0.0,0.0,0.0,0.0,0.0,0.0,1.0,,,,,,,,,,,
5c2b446e-b461-4e57-88be-0b438143ccf1,Reece McIntyre,OL,,,,,,,,,,,,,,,,,,,,,,,,,,,,,,,,,,,,,,,,,,,,,,,,,,,,,,,,,,,,,,,
5cdcc433-ee82-468b-9124-5acd1d2bf91e,Princely Umanmielen,DE,,,,,,,,,,,,,,,,,,,,,,,,,,,,,20.0,17.0,37.0,10.5,71.0,0.0,0.0,1.0,1.0,12.0,10.0,59.0,0.0,0.0,0.0,0.0,0.0,0.0,0.0,0.0,0.0,0.0,0.0,0.0,,,,,,,,,,,
5e58499b-1968-4f72-88c0-f3c164f6a899,Chris Hardie,DE,,,,,,,,,,,,,,,,,,,,,,,,,,,,,4.0,2.0,6.0,1.5,12.0,0.0,0.0,0.0,0.0,2.0,2.0,9.0,0.0,0.0,0.0,0.0,0.0,0.0,0.0,0.0,0.0,0.0,0.0,0.0,,,,,,,,,,,
5fe50980-a281-11ed-8817-fbb3e64504d9,AJ Brown Sr.,DB,16,,,,,,,,,,,,,,,,,,,,,,,,,,,,0.0,1.0,1.0,0.0,0.0,0.0,0.0,0.0,0.0,0.0,0.0,0.0,0.0,0.0,0.0,0.0,0.0,0.0,0.0,0.0,0.0,0.0,0.0,0.0,,,,,,,,,,,
63922534-e459-487a-b09a-3eb496f46902,Tavion Prather,DT,94,,,,,,,,,,,,,,,,,,,,,,,,,,,,,,,,,,,,,,,,,,,,,,,,,,,,,,,,,,,,,,
669c9fa0-16bb-11ee-8c92-9338d1b61ba9,Lane Hewett,OL,,,,,,,,,,,,,,,,,,,,,,,,,,,,,,,,,,,,,,,,,,,,,,,,,,,,,,,,,,,,,,,
66da6200-eacc-11ee-ae70-b9e100f9e2a3,Jude Foster,OL,58,,,,,,,,,,,,,,,,,,,,,,,,,,,,,,,,,,,,,,,,,,,,,,,,,,,,,,,,,,,,,,
692b9d20-8e95-11ec-8d02-85ead82574a9,Walker Howard,QB,4,,,,,,,,,,,2.0,0.0,0.0,0.0,0.0,0.0,0.0,0.0,0.0,0.0,0.0,0.0,0.0,2.0,0.0,0.0,0.0,,,,,,,,,,,,,,,,,,,,,,,,,,,,,,,,,,,
71f14f40-daad-11ec-9fbe-d764b66afc75,Salathiel Hemphill,TE,,,,,,,,,,,,,,,,,,,,,,,,,,,,,,,,,,,,,,,,,,,,,,,,,,,,,,,,,,,,,,,
7658d5eb-084d-4197-9d2e-b8306d50373d,John Saunders Jr.,SAF,,,,,,,,,,,,,,,,,,,,,,,,,,,,,29.0,19.0,48.0,0.0,0.0,3.0,4.0,4.0,0.0,0.0,1.0,2.0,0.0,0.0,0.0,0.0,0.0,0.0,0.0,0.0,0.0,0.0,0.0,0.0,,,,,,,,,,,
77d3d300-5437-11ef-9fca-813db73cd1c3,William Echoles,DT,52,,,,,,,,,,,,,,,,,,,,,,,,,,,,5.0,4.0,9.0,0.5,4.0,0.0,0.0,0.0,0.0,1.0,1.0,3.0,0.0,0.0,0.0,0.0,0.0,0.0,0.0,0.0,0.0,0.0,0.0,0.0,,,,,,,,,,,
77fb5de1-5296-47b2-b102-2a4f2ebede35,Izaiah Hartrup,WR,14,,,,,,,,,,,,,,,,,,,,,,,,,,,,,,,,,,,,,,,,,,,,,,,,,,,,,,,,,,,,,,
7a751562-a506-4844-813c-c399196e02d9,Tre Harris,WR,,,,,,,,,,,,,,,,,,,,,,,,,,,,,,,,,,,,,,,,,,,,,,,,,,,,,60.0,78.0,1030.0,17.167,70.0,7.0,70.0,993.0,8.0,37.0,36.0
7bd128b0-ef5f-11ed-ba71-41956f3878c1,John Ross Ashley,CB,41,,,,,,,,,,,,,,,,,,,,,,,,,,,,,,,,,,,,,,,,,,,,,,,,,,,,,,,,,,,,,,
7f4279d0-a280-11ed-8817-fbb3e64504d9,Ayden Williams,WR,11,,,,,,,,,,,,,,,,,,,,,,,,,,,,,,,,,,,,,,,,,,,,,,,,,,,,3.0,4.0,39.0,13.0,14.0,0.0,0.0,39.0,0.0,0.0,3.0
81f1c9c0-8638-11ec-ac3f-2f01cb0af5e4,Nick Cull,SAF,29,,,,,,,,,,,,,,,,,,,,,,,,,,,,6.0,0.0,6.0,0.0,0.0,0.0,0.0,0.0,0.0,0.0,0.0,0.0,0.0,0.0,0.0,0.0,0.0,0.0,0.0,0.0,0.0,0.0,0.0,0.0,,,,,,,,,,,
823f49a0-a281-11ed-8817-fbb3e64504d9,Cayden Lee,WR,19,9.0,2.0,0.0,18.0,13.0,0.0,0.0,0.0,0.0,1.0,,,,,,,,,,,,,,,,,,,,,,,,,,,,,,,,,,,,,,,,,,57.0,73.0,874.0,15.333,58.0,2.0,35.0,822.0,8.0,52.0,38.0
83c97580-5436-11ef-9fca-813db73cd1c3,Jack Harper,TE,42,,,,,,,,,,,,,,,,,,,,,,,,,,,,,,,,,,,,,,,,,,,,,,,,,,,,,,,,,,,,,,
87e6bbd0-eac0-11ee-8a20-978585ed32d7,Zamari Bruce,WR,,,,,,,,,,,,,,,,,,,,,,,,,,,,,,,,,,,,,,,,,,,,,,,,,,,,,,,,,,,,,,,
8daf0263-24c2-4a17-8d5c-e48ba49cfb75,Jordan Watkins,WR,,6.667,3.0,0.0,20.0,19.0,0.0,1.0,1.0,-2.0,1.0,,,,,,,,,,,,,,,,,,0.0,0.0,0.0,0.0,0.0,0.0,0.0,0.0,0.0,0.0,0.0,0.0,0.0,0.0,0.0,0.0,0.0,0.0,1.0,0.0,0.0,0.0,0.0,0.0,49.0,73.0,906.0,18.49,75.0,9.0,75.0,881.0,9.0,25.0,27.0
8fd911a0-ef60-11ed-ba71-41956f3878c1,Nyseer Fullwood-Theodore,CB,,,,,,,,,,,,,,,,,,,,,,,,,,,,,,,,,,,,,,,,,,,,,,,,,,,,,,,,,,,,,,,
95b718c7-9d56-4fa4-adc6-0042ce919bfc,Caden Prieskorn,TE,,,,,,,,,,,,,,,,,,,,,,,,,,,,,,,,,,,,,,,,,,,,,,,,,,,,,27.0,38.0,401.0,14.852,46.0,3.0,46.0,371.0,8.0,30.0,17.0
95e1f900-234a-11ed-8e1e-812349f8e9b9,Charlie Pollock,P,,,,,,,,,,,,,,,,,,,,,,,,,,,,,,,,,,,,,,,,,,,,,,,,,,,,,,,,,,,,,,,
96f38760-ef5e-11ed-ba71-41956f3878c1,Antione Johnson,SAF,,,,,,,,,,,,,,,,,,,,,,,,,,,,,0.0,1.0,1.0,0.0,0.0,0.0,0.0,0.0,0.0,0.0,0.0,0.0,0.0,0.0,0.0,0.0,0.0,0.0,0.0,0.0,0.0,0.0,0.0,0.0,,,,,,,,,,,
9a9d9340-5436-11ef-9fca-813db73cd1c3,Micah Stallworth,CB,40,,,,,,,,,,,,,,,,,,,,,,,,,,,,,,,,,,,,,,,,,,,,,,,,,,,,,,,,,,,,,,
9e77ae40-5438-11ef-9d43-b5e7b712a036,Kavion Broussard,OL,75,,,,,,,,,,,,,,,,,,,,,,,,,,,,,,,,,,,,,,,,,,,,,,,,,,,,,,,,,,,,,,
9f0a3ea0-eaab-11ee-ab40-49605a2c8d3d,Kam Franklin,DE,5,,,,,,,,,,,,,,,,,,,,,,,,,,,,5.0,6.0,11.0,2.5,16.0,0.0,0.0,0.0,0.0,3.0,4.0,13.0,0.0,0.0,0.0,0.0,0.0,0.0,0.0,0.0,0.0,0.0,0.0,0.0,,,,,,,,,,,
9f0e46f0-8bb2-45dc-803c-bea8bc43f3da,Key Lawrence,SAF,,,,,,,,,,,,,,,,,,,,,,,,,,,,,1.0,0.0,1.0,0.0,0.0,0.0,0.0,0.0,0.0,0.0,0.0,0.0,0.0,0.0,0.0,0.0,0.0,0.0,0.0,0.0,0.0,0.0,0.0,0.0,,,,,,,,,,,
9f7299c0-16ba-11ee-8c92-9338d1b61ba9,Ali Scott,RB,,,,,,,,,,,,,,,,,,,,,,,,,,,,,,,,,,,,,,,,,,,,,,,,,,,,,,,,,,,,,,,
9f7c2e70-a281-11ed-8817-fbb3e64504d9,Chamberlain Campbell,DE,,,,,,,,,,,,,,,,,,,,,,,,,,,,,,,,,,,,,,,,,,,,,,,,,,,,,,,,,,,,,,,
a077b970-5437-11ef-813c-4f549f3a8913,Joe Koury,OL,69,,,,,,,,,,,,,,,,,,,,,,,,,,,,,,,,,,,,,,,,,,,,,,,,,,,,,,,,,,,,,,
a506cc90-5439-11ef-9354-2fc21cd8485e,Kamron Beavers,DT,97,,,,,,,,,,,,,,,,,,,,,,,,,,,,,,,,,,,,,,,,,,,,,,,,,,,,,,,,,,,,,,
a554d671-95f0-4349-bfb8-5750d7f1dd57,Yam Banks,SAF,,,,,,,,,,,,,,,,,,,,,,,,,,,,,11.0,10.0,21.0,0.0,0.0,0.0,0.0,0.0,0.0,0.0,1.0,5.0,0.0,0.0,0.0,0.0,0.0,0.0,0.0,0.0,0.0,0.0,0.0,0.0,,,,,,,,,,,
a57b3ac0-9b7c-11ed-a4a7-731774d8a58d,Micah Davis,WR,6,2.368,19.0,0.0,45.0,9.0,0.0,2.0,5.0,-7.0,2.0,,,,,,,,,,,,,,,,,,,,,,,,,,,,,,,,,,,,,,,,,,5.0,9.0,57.0,11.4,26.0,0.0,0.0,57.0,1.0,0.0,3.0
a6f6bb8d-4b60-49f8-9f36-3cc16006fbf4,Antwane Wells Jr.,WR,,0.8,5.0,0.0,4.0,4.0,0.0,1.0,2.0,-8.0,0.0,,,,,,,,,,,,,,,,,,0.0,0.0,0.0,0.0,0.0,0.0,0.0,0.0,0.0,0.0,0.0,0.0,0.0,0.0,0.0,0.0,0.0,0.0,1.0,0.0,0.0,0.0,0.0,0.0,28.0,61.0,553.0,19.75,66.0,6.0,61.0,529.0,6.0,24.0,20.0
a78bff00-eac9-11ee-8a20-978585ed32d7,Raymond Collins,LB,22,,,,,,,,,,,,,,,,,,,,,,,,,,,,1.0,1.0,2.0,0.0,0.0,0.0,0.0,0.0,0.0,0.0,0.0,0.0,0.0,0.0,0.0,0.0,0.0,0.0,0.0,0.0,0.0,0.0,0.0,0.0,,,,,,,,,,,
a8ba87c0-9021-11ec-8556-6fa97bcffaf0,Jason Albritton,RB,21,2.5,6.0,0.0,15.0,7.0,0.0,0.0,0.0,0.0,0.0,,,,,,,,,,,,,,,,,,,,,,,,,,,,,,,,,,,,,,,,,,,,,,,,,,,,
a8cbbc44-11dd-488a-8745-ae3ebdf87ca9,Trey Washington,SAF,,,,,,,,,,,,,,,,,,,,,,,,,,,,,40.0,25.0,65.0,0.0,0.0,1.0,1.0,1.0,0.0,0.0,2.0,5.0,0.0,0.0,0.0,0.0,0.0,0.0,0.0,0.0,0.0,0.0,0.0,0.0,,,,,,,,,,,
a95635b0-eadf-11ee-8f46-cb3c10be7a07,AJ Maddox,QB,15,,,,,,,,,,,,,,,,,,,,,,,,,,,,,,,,,,,,,,,,,,,,,,,,,,,,,,,,,,,,,,
a9a30300-12e8-11ef-87b4-47a08d4ced63,Anthony Robinson III,SAF,20,,,,,,,,,,,,,,,,,,,,,,,,,,,,0.0,0.0,0.0,0.0,0.0,0.0,0.0,0.0,0.0,0.0,0.0,0.0,0.0,0.0,1.0,0.0,0.0,0.0,0.0,0.0,0.0,0.0,0.0,0.0,,,,,,,,,,,
aa83e7a0-eadc-11ee-9ffe-230dbeb1c34b,Andy Jaffe,SAF,42,,,,,,,,,,,,,,,,,,,,,,,,,,,,,,,,,,,,,,,,,,,,,,,,,,,,,,,,,,,,,,
ace82160-2e10-4ed9-8ffd-d6f207242d25,Henry Parrish Jr.,RB,,5.215,130.0,10.0,678.0,42.0,25.0,33.0,7.0,-8.0,37.0,,,,,,,,,,,,,,,,,,,,,,,,,,,,,,,,,,,,,,,,,,15.0,21.0,82.0,5.467,16.0,0.0,0.0,86.0,3.0,-4.0,1.0
ad9dcea0-0772-11ed-9d37-15b02999c0f4,Trip White,LB,30,,,,,,,,,,,,,,,,,,,,,,,,,,,,1.0,0.0,1.0,0.0,0.0,0.0,0.0,0.0,0.0,0.0,0.0,0.0,0.0,0.0,0.0,0.0,0.0,0.0,0.0,0.0,0.0,0.0,0.0,0.0,,,,,,,,,,,
b01cd5c0-8b5a-11ec-acb3-fb50867d2b0c,TJ Dottery,LB,6,,,,,,,,,,,,,,,,,,,,,,,,,,,,42.0,34.0,76.0,2.0,3.0,0.0,0.0,1.0,1.0,2.0,3.0,7.0,0.0,0.0,0.0,0.0,0.0,0.0,0.0,0.0,0.0,0.0,0.0,0.0,,,,,,,,,,,
b0c444e0-5434-11ef-985e-351155b0e03c,Katrevrick Banks,CB,,,,,,,,,,,,,,,,,,,,,,,,,,,,,,,,,,,,,,,,,,,,,,,,,,,,,,,,,,,,,,,
b289d1d0-eab9-11ee-bb17-c9f5bd8d8d00,TJ Banks,CB,19,,,,,,,,,,,,,,,,,,,,,,,,,,,,3.0,1.0,4.0,0.0,0.0,0.0,0.0,0.0,0.0,0.0,0.0,0.0,0.0,3.0,1.0,0.0,0.0,0.0,0.0,0.0,0.0,0.0,0.0,0.0,,,,,,,,,,,
b3d76e30-eabe-11ee-bbe3-bb9695cf0723,Cedrick Beavers,CB,13,,,,,,,,,,,,,,,,,,,,,,,,,,,,,,,,,,,,,,,,,,,,,,,,,,,,,,,,,,,,,,
b4325ca0-8639-11ec-ac3f-2f01cb0af5e4,Zxavian Harris,DT,51,,,,,,,,,,,,,,,,,,,,,,,,,,,,13.0,20.0,33.0,1.5,10.0,0.0,0.0,1.0,0.0,2.0,3.0,11.0,0.0,0.0,0.0,0.0,0.0,0.0,0.0,0.0,0.0,0.0,0.0,0.0,,,,,,,,,,,
baed4b70-5438-11ef-9d43-b5e7b712a036,John Wayne Oliver,OL,76,,,,,,,,,,,,,,,,,,,,,,,,,,,,,,,,,,,,,,,,,,,,,,,,,,,,,,,,,,,,,,
bb335060-ef5e-11ed-ba71-41956f3878c1,Josh Aka,WR,,,,,,,,,,,,,,,,,,,,,,,,,,,,,,,,,,,,,,,,,,,,,,,,,,,,,2.0,4.0,19.0,9.5,11.0,0.0,0.0,19.0,0.0,0.0,1.0
bc4cb650-dc93-11ec-a841-21df71535e78,Domonique Thomas,RB,26,4.69,42.0,1.0,197.0,22.0,1.0,11.0,1.0,-1.0,9.0,,,,,,,,,,,,,,,,,,,,,,,,,,,,,,,,,,,,,,,,,,0.0,1.0,0.0,0.0,0.0,0.0,0.0,0.0,0.0,0.0,0.0
bd3943a0-8638-11ec-ac3f-2f01cb0af5e4,Preston Cushman,OL,78,,,,,,,,,,,,,,,,,,,,,,,,,,,,,,,,,,,,,,,,,,,,,,,,,,,,,,,,,,,,,,
c12ce440-eabc-11ee-a719-c50748b43daa,CJ Barney,LB,,,,,,,,,,,,,,,,,,,,,,,,,,,,,,,,,,,,,,,,,,,,,,,,,,,,,,,,,,,,,,,
c36ca100-5439-11ef-9354-2fc21cd8485e,Caleb Blankenship,LS,94,,,,,,,,,,,,,,,,,,,,,,,,,,,,,,,,,,,,,,,,,,,,,,,,,,,,,,,,,,,,,,
c6033efc-83b2-4720-9e6d-724a535e8807,Khari Coleman,LB,,,,,,,,,,,,,,,,,,,,,,,,,,,,,20.0,25.0,45.0,0.0,0.0,0.0,0.0,1.0,0.0,0.0,0.0,3.0,0.0,0.0,0.0,0.0,0.0,0.0,0.0,0.0,0.0,0.0,0.0,0.0,,,,,,,,,,,
c7163a10-0872-11ed-952e-d73f50a534c5,Louis Moore,DB,7,,,,,,,,,,,,,,,,,,,,,,,,,,,,17.0,19.0,36.0,0.5,2.5,0.0,0.0,0.0,1.0,1.0,1.0,3.0,0.0,0.0,0.0,0.0,0.0,0.0,0.0,0.0,0.0,0.0,0.0,0.0,,,,,,,,,,,
c96f3e20-5437-11ef-903d-13e38929f7be,Lakendrick Clancy,DT,55,,,,,,,,,,,,,,,,,,,,,,,,,,,,,,,,,,,,,,,,,,,,,,,,,,,,,,,,,,,,,,
cb8b3490-16ba-11ee-8c92-9338d1b61ba9,DeeJay Holmes Jr.,DE,47,,,,,,,,,,,,,,,,,,,,,,,,,,,,0.0,1.0,1.0,0.0,0.0,0.0,0.0,0.0,0.0,0.0,0.0,0.0,0.0,0.0,0.0,0.0,0.0,0.0,0.0,0.0,0.0,0.0,0.0,0.0,,,,,,,,,,,
ccefd4f0-12f2-11ef-afda-49bb83882db7,Noreel White,WR,,,,,,,,,,,,,,,,,,,,,,,,,,,,,,,,,,,,,,,,,,,,,,,,,,,,,2.0,6.0,34.0,17.0,20.0,0.0,0.0,34.0,1.0,0.0,2.0
ce8a9310-5436-11ef-9fca-813db73cd1c3,Mike Baker,K,45,,,,,,,,,,,,,,,,,,,,,,,,,,,,,,,,,,,,,,,,,,,,,,,,,,,,,,,,,,,,,,
d138f342-12e0-4942-b005-ca9fee65b692,Caden Davis,K,,,,,,,,,,,,1.0,0.0,0.0,0.0,0.0,0.0,0.0,0.0,0.0,1.0,-200.0,0.0,0.0,1.0,0.0,0.0,0.0,0.0,0.0,0.0,0.0,0.0,0.0,0.0,0.0,0.0,0.0,0.0,0.0,0.0,1.0,0.0,0.0,0.0,0.0,0.0,0.0,0.0,0.0,0.0,0.0,,,,,,,,,,,
d343e9a0-89d7-11ec-846d-43cbfaabacfd,Dae'Quan Wright,TE,8,,,,,,,,,,,,,,,,,,,,,,,,,,,,,,,,,,,,,,,,,,,,,,,,,,,,27.0,40.0,394.0,14.593,35.0,4.0,21.0,394.0,7.0,0.0,19.0
d756e0d6-85d5-4ab7-acdf-e629a0523f59,Ulysses Bentley IV,RB,,4.988,84.0,5.0,419.0,89.0,89.0,14.0,9.0,-22.0,18.0,,,,,,,,,,,,,,,,,,,,,,,,,,,,,,,,,,,,,,,,,,13.0,15.0,99.0,7.615,31.0,0.0,0.0,99.0,1.0,0.0,5.0
d780cc70-84a7-11ec-a2e6-affc80bcd2fc,Jarnorris Hopson,WR,,,,,,,,,,,,,,,,,,,,,,,,,,,,,,,,,,,,,,,,,,,,,,,,,,,,,,,,,,,,,,,
da6b3a30-3791-11ee-b004-25513aac49d7,Austin Simmons,QB,13,2.8,5.0,0.0,14.0,9.0,0.0,0.0,0.0,0.0,0.0,32.0,19.0,59.375,282.0,8.813,1.0,7.0,2.0,35.0,0.0,154.03,35.0,5.0,1.0,282.0,16.0,0.0,,,,,,,,,,,,,,,,,,,,,,,,,,,,,,,,,,,
dbde5b70-5434-11ef-985e-351155b0e03c,Pat Broomfield,CB,27,,,,,,,,,,,,,,,,,,,,,,,,,,,,0.0,1.0,1.0,0.0,0.0,0.0,0.0,0.0,0.0,0.0,0.0,0.0,0.0,0.0,0.0,0.0,0.0,0.0,0.0,0.0,0.0,0.0,0.0,0.0,,,,,,,,,,,
dbedffc0-16ba-11ee-8c92-9338d1b61ba9,Wyatt Smalley,TE,47,,,,,,,,,,,,,,,,,,,,,,,,,,,,,,,,,,,,,,,,,,,,,,,,,,,,1.0,1.0,8.0,8.0,8.0,0.0,0.0,2.0,0.0,6.0,1.0
decc0204-b957-40e5-86f2-888b4873a7c1,Chris Paul Jr.,LB,,,,,,,,,,,,,,,,,,,,,,,,,,,,,51.0,36.0,87.0,3.5,27.5,1.0,1.0,0.0,1.0,5.0,9.0,37.0,0.0,0.0,0.0,0.0,0.0,0.0,0.0,0.0,0.0,0.0,0.0,0.0,,,,,,,,,,,
dffaa732-db29-46c6-a3cb-748db917c1cd,Nate Kalepo,OL,,,,,,,,,,,,,,,,,,,,,,,,,,,,,,,,,,,,,,,,,,,,,,,,,,,,,,,,,,,,,,,
e23c1d10-0772-11ed-9ff7-c99a54d07a0f,Harrison Craig,SAF,,,,,,,,,,,,,,,,,,,,,,,,,,,,,,,,,,,,,,,,,,,,,,,,,,,,,,,,,,,,,,,
e68c0220-eacb-11ee-ae70-b9e100f9e2a3,Paris Evans,DE,57,,,,,,,,,,,,,,,,,,,,,,,,,,,,,,,,,,,,,,,,,,,,,,,,,,,,,,,,,,,,,,
e6e44ad0-ffe8-11ed-a6e3-4b29bfcbde5e,Kortlen Wilfawn,LS,90,,,,,,,,,,,,,,,,,,,,,,,,,,,,,,,,,,,,,,,,,,,,,,,,,,,,,,,,,,,,,,
e72da13a-d4db-41c4-a39d-7fad93da6157,Brandon Turnage,CB,,,,,,,,,,,,,,,,,,,,,,,,,,,,,17.0,7.0,24.0,0.0,0.0,1.0,1.0,0.0,0.0,0.0,1.0,5.0,0.0,0.0,0.0,0.0,0.0,0.0,0.0,0.0,0.0,0.0,0.0,0.0,,,,,,,,,,,
e86e78ae-22d7-4fc2-8a47-4f19614beaba,Jayden Williams,OL,50,,,,,,,,,,,,,,,,,,,,,,,,,,,,,,,,,,,,,,,,,,,,,,,,,,,,,,,,,,,,,,
e898a8a3-204f-4b3d-8abd-6990ca032f00,Isaiah Hamilton,CB,,,,,,,,,,,,,,,,,,,,,,,,,,,,,12.0,4.0,16.0,0.0,0.0,1.0,1.0,0.0,0.0,0.0,1.0,2.0,0.0,2.0,0.0,0.0,0.0,0.0,1.0,0.0,0.0,0.0,0.0,0.0,,,,,,,,,,,
e8990b30-8637-11ec-ac3f-2f01cb0af5e4,Tyler Banks,LB,34,,,,,,,,,,,,,,,,,,,,,,,,,,,,4.0,1.0,5.0,0.0,0.0,0.0,0.0,0.0,0.0,0.0,1.0,5.0,0.0,2.0,2.0,0.0,0.0,0.0,0.0,0.0,0.0,0.0,0.0,0.0,,,,,,,,,,,
ea1376d9-bcb7-48d4-935d-41e49cd507a1,Caleb Warren,OL,,,,,,,,,,,,,,,,,,,,,,,,,,,,,,,,,,,,,,,,,,,,,,,,,,,,,,,,,,,,,,,
ebc40cdd-41ab-4ed2-8d97-5eaabc16b431,Micah Pettus,OL,57,,,,,,,,,,,,,,,,,,,,,,,,,,,,,,,,,,,,,,,,,,,,,,,,,,,,,,,,,,,,,,
f375d4e0-a281-11ed-8817-fbb3e64504d9,Daniel Demery,LB,,,,,,,,,,,,,,,,,,,,,,,,,,,,,,,,,,,,,,,,,,,,,,,,,,,,,,,,,,,,,,,
f763537b-5570-4bcc-ba16-12005a46c2dd,Hudson Wolfe,TE,,,,,,,,,,,,,,,,,,,,,,,,,,,,,,,,,,,,,,,,,,,,,,,,,,,,,,,,,,,,,,,
f98e3a40-16ba-11ee-8c92-9338d1b61ba9,Mark Trigg Jr.,LB,48,,,,,,,,,,,,,,,,,,,,,,,,,,,,0.0,1.0,1.0,0.0,0.0,0.0,0.0,0.0,0.0,0.0,0.0,0.0,0.0,0.0,0.0,0.0,0.0,0.0,0.0,0.0,0.0,0.0,0.0,0.0,,,,,,,,,,,
fa947c20-16b9-11ee-8c92-9338d1b61ba9,Austin Acton,RB,37,1.0,1.0,0.0,1.0,1.0,0.0,0.0,0.0,0.0,0.0,,,,,,,,,,,,,,,,,,,,,,,,,,,,,,,,,,,,,,,,,,,,,,,,,,,,
ff22d220-863a-11ec-ac3f-2f01cb0af5e4,Fraser Masin,P,,,,,,,,,,,,,,,,,,,,,,,,,,,,,,,,,,,,,,,,,,,,,,,,,,,,,,,,,,,,,,,
ff5f4260-a280-11ed-8817-fbb3e64504d9,Jamarious Brown,DT,96,,,,,,,,,,,,,,,,,,,,,,,,,,,,5.0,14.0,19.0,0.5,4.0,1.0,1.0,0.0,0.0,1.0,1.0,2.0,0.0,0.0,0.0,0.0,0.0,0.0,0.0,0.0,0.0,0.0,0.0,0.0,,,,,,,,,,,
